UserId,UserName,email,phoneNumber,City
U1001,Dileep,dileep.raj@bizruntime.com,9902535566,Bangalore
U1002,Dhinesh,dhinesh.raja@bizruntime.com,9902535566,Pune
U1003,Raja,raja.d@bizruntime.com,9902535566,Chennai
U1004,Abhishek,abhishekkumar.raj@bizruntime.com,9902535566,Delhi
U1005,Mehulk,mehulk.patel@bizruntime.com,9902535566,Mumbai
U1006,Govardhan,govardhan.n@bizruntime.com,9902535566,Bangalore
U1007,Chhoturam,chhoturam.jat@bizruntime.com,9902535566,Pune
U1008,ChandrabHUSHAN,chandrabhushan.kumar@bizruntime.com,9902535566,Chennai
U1009,Raja Ram,rajaram.manu@bizruntime.com,9902535566,Delhi
U1010,Jagdish,jagdish.khetre@bizruntime.com,9902535566,Mumbai
U1011,Rohan,rohan.desai@bizruntime.com,9902535566,Bangalore
